equipmentId,equipmentCode,name,description,functionalLocationId,manufacturer,model,serialNumber,assetTag,equipmentClass,criticality,installationDate,warrantyExpiryDate,operationalStatus,technicalParameters,createdBy,createdDate,modifiedBy,modifiedDate,isDeleted
,T-401-EPF4,"T-401-TANK, PROCESS","EPF-4-10035812-T-401-TANK, PROCESS",YE002-PF04-200-TK401,,,,P10159-03-4EDA-1102,TACT,A,,,,,,2014-03-18,,2023-03-29,
,LBK01,LBK01 LOAD BANK,KHARWAH-10039193-LBK01 LOAD BANK,YE002-CA01-800,,,,LBK01,ESCA,B,,,,,,2015-06-15,xghilanwe,2023-10-09,
,P-08A-EPF3,"P-08A-PUMP, OIL PROCESS","EPF-3-10035650-P-08A-PUMP, OIL PROCESS",YE002-PF03-200-P08A,FLOWSERVE,80-50CPX160,594165-005-02,P-08A-EPF3,PUCE,A,,,,,,2014-03-18,,2021-01-28,
,DG907E,DG907E DIESEL GENERATOR MODEL GEP110-4,Maint WS-10041140-DG907E DIESEL GENERATOR MODEL GEP110-4,YE002-WS01-830-GX,OLYMPIAN,GEP110-4,OLY00000PLEN03616,DG907E,EGGE,B,,,,,xghilanwe,2015-10-26,,2021-08-16,
,K638B,K638B COMPRESSOR MOBILE ATLAS COPCO,MAINT WS-10041776-K638B COMPRESSOR MOBILE ATLAS COPCO,YE002-WS01,ATLAS COPCO,XAS98 KD,WUX667221,K638B/ WORKSHOP YARD,COSC,B,,,,,,2015-12-04,,2024-10-25,
,DG908A,DG908A DIESEL OLYMPIAN GENERATOR GEP1651,EPF-1-10035970-DG908A DIESEL OLYMPIAN GENERATOR GEP1651,YE002-PF01-800,OLYMPIAN,GEP165-1*2614/1500,OLY00000JLEL02057,DG908A/ EPF01,EGGE,B,,,,,,2014-03-18,,2024-02-07,
,GG803A,GG803A GENERATOR GAS JENBACHER,KHARWAH-10036010-GG803A GENERATOR GAS JENBACHER,YE002-CA01-800,JENBACHER,LSA 52.3 S7,1436142/611025DE01,GG803A,EGGE,A,,,,,,2014-03-18,,2023-05-17,
,JT-01-UNIT,JT-01 JET PUMP UNIT,HB-19-10109356-JT-01 JET PUMP UNIT,YE002-OF01-100-WELHAB19,NATIONAL OILWELL VARCO,,,JT-01-UNIT,,B,,,,,,2022-12-22,xghilanwe,2023-12-15,
,K630I,"K630I COMPRESSOR, AIR UTILITY","KHARWAH-10042973-K630I COMPRESSOR, AIR UTILITY",YE002-CA01-720,FIAC,1121510641,IYD0210564,K630I-FIRE TRUCK PARKING,CORE,C,,,,,khaled9,2016-01-12,xghilanwe,2021-03-22,
