functionalLocationId,locationCode,description,parentLocationId,locationType,operationalStatus,installationDate,gpsCoordinates,safetyCritical,createdBy,createdDate,modifiedBy,modifiedDate,isDeleted
,YE002,KHARWAH FIELD,,Plant,,,,,,,,,
,YE002-CA01,KHARWAH,YE002,Area,,,,,,,,,
,YE002-OF01,HABBAN FIELD,YE002,Area,,,,,,,,,
,YE002-PF01,EPF-1,YE002,Area,,,,,,,,,
,YE002-PF03,EPF-3,YE002,Area,,,,,,,,,
,YE002-PF04,EPF-4,YE002,Area,,,,,,,,,
,YE002-WS01,MAINTENANCE WORKSHOP (EPF1 AREA),YE002,Area,,,,,,,,,
,YE002-CA01-480,KHARWAH CAMP UTILITIES,YE002-CA01,Unit,,,,,,,,,
,YE002-CA01-720,KHARWAH FIRE FIGHTING,YE002-CA01,Unit,,,,,,,,,
,YE002-CA01-800,KHARWAH CAMP POWER GENERATION,YE002-CA01,Unit,,,,,,,,,
,YE002-OF01-100,HABBAN OIL WELLS,YE002-OF01,Unit,,,,,,,,,
,YE002-PF01-800,EPF1 MAIN POWER GENERATION,YE002-PF01,Unit,,,,,,,,,
,YE002-PF03-200,EPF3 OIL SEPARATION AND STABILIZATION,YE002-PF03,Unit,,,,,,,,,
,YE002-PF04-200,EPF4 OIL SEPARATION AND STABILIZATION,YE002-PF04,Unit,,,,,,,,,
,YE002-PF04-700,EPF4 FIRE AND GAS DETECTION SYSTEM,YE002-PF04,Unit,,,,,,,,,
,YE002-WS01-830,MAINT. WORKSHOP EMERGENCY POWER GEN,YE002-WS01,Unit,,,,,,,,,
,YE002-CA01-480-WMF,KHARWAH WASTE MANAGEMENT FACILITY,YE002-CA01-480,Sub-unit,,,,,,,,,
,YE002-OF01-100-WELHAB19,HABBAN-19 OIL WELL,YE002-OF01-100,Sub-unit,,,,,,,,,
,YE002-PF03-200-P08A,P-08A OIL PROCESS PUMP,YE002-PF03-200,Sub-unit,,,,,,,,,
,YE002-PF04-200-TK401,T-401 OIL PROCESS TANK,YE002-PF04-200,Sub-unit,,,,,,,,,
,YE002-PF04-200-TK404,T-404 OIL PROCESS TANK,YE002-PF04-200,Sub-unit,,,,,,,,,
,YE002-WS01-830-GX,MAINT. WORKSHOP YARD (GENEARTOR AREA),YE002-WS01-830,Sub-unit,,,,,,,,,
