materialId,materialCode,description,unitOfMeasure,standardCost,currentStock,createdBy,createdDate,modifiedBy,modifiedDate,isDeleted
,742,"SEAL TIEDOWN SCREW 1.609"" PN 218986-03",PCS,13.20,17,,,,,
,743,SEAL ROD OIL 0.812 ID PN 707313,PCS,11.58,6,,,,,
,62508,BATTERY PACK  2 CELL 165° C PN 10002416,PCS,452.78,44,,,,,
,62519,BATTERY PACK QUARTZ PN 10009292,PCS,437.73,82,,,,,
,63015,FILTER ELEMENT INNER AIR PN 91861-05700C,PCS,61.47,10,,,,,
,63016,STRAINER SUCTION PN 91975-00501,PCS,109.78,19,,,,,
,63017,BREATHER AIR PN 92574-00600,PCS,218.88,11,,,,,
,80224,SPINDLE LESER PSV PN 242.7539.0000,SET,167.49,1,,,,,
,68612,CABLE ELECTRICAL POWER 1C 150MM CU PVC,M,30.00,200,,,,,
,84555,BIOENHANCER WASTE WATER MICROPAN COMPLEX,KG,98.00,30,,,,,
,84810,TAGS KEY PLASTIC 53MM X 21MM,PAC,0.98,44,,,,,
,90631,PAINT PHENGUARD 930 SIGMA 20L/DRUM,L,25.41,100,,,,,
,80995,SCALE PREVENTATIVE SCW27240,DR,306.57,20,,,,,
,4483,"BALL VALVE 2IN CL 600 RF, FULL BORE, BA0",PCS,0.00,6,,,,,
