notificationId,notificationNumber,type,priority,functionalLocationId,equipmentId,reportedByUserId,description,damagesObservations,breakdownFlag,status,createdBy,createdDate,modifiedBy,modifiedDate,isDeleted
,41103029,M1,Medium,YE002-PF04-200-TK401,T-401-EPF4,khaled9,EPF4 T-401 RADER LEVEL TRANSMETER  NOT WORKING PROPERLY,,,,khaled9,2025-10-15,,,
,41103030,M1,Medium,YE002-PF04-200-TK404,T-401-EPF4,khaled9,EPF4 T-404 RADER LEVEL TRANSMETER  NOT WORKING PROPERLY,,,,khaled9,2025-10-15,,,
,41103045,M1,Medium,YE002-CA01-800,LBK01,xghilanwe,KHARWAH LOAD BANK LBK01 SUDDENLY TRIPPED,,,,xghilanwe,2025-11-19,,,
,41103185,M1,Medium,YE002-PF03-200-P08A,P-08A-EPF3,xghilanwe,EPF-3 P-08A PUMP COUPLING DAMAGED,,,,xghilanwe,2026-07-05,,,
,41103072,M1,Medium,YE002-CA01-480-WMF,DG907E,khaled9,IWMF DG907E FAILED TO START ON DEMAND,,,,khaled9,2026-01-12,,,
,41103153,M1,Medium,YE002-CA01-480,,xghilanwe,KHARWAH LAB GAS CHROMATOGRAPH GC590 TROUBLESHOOTING,,,,xghilanwe,2026-05-05,,,
,41103177,M1,Medium,YE002-WS01,K638B,xghilanwe,WSY K638B AIR COMPRESSOR FAILED TO START,,,,xghilanwe,2026-06-29,,,
,41103212,M1,Medium,YE002-PF01-800,DG908A,khaled9,EPF-1 DG908A OIL LEAKAGE FROM DIP STICK,,,,khaled9,2026-08-14,,,
,42103787,M2,Medium,YE002-PF03,,xghilanwe,"EPF-3 FACILITY PIPING, VESSELS AND TANKS UT",,,,xghilanwe,2026-02-05,,,
,42104987,M2,Medium,YE002-PF04-700,,khaled9,EPF4 MANUAL CALL POINTS  1 YR,,,,khaled9,2026-08-10,,,
,42105018,M2,Medium,YE002-CA01-800,GG803A,khaled9,GG803A 1000 HR PM,,,,khaled9,2026-08-13,,,
,42105020,M2,Medium,YE002-OF01-100-WELHAB19,JT-01-UNIT,khaled9,HB-19 JET PUMP-01 PERFORM GENERAL PRESERVATION,,,,khaled9,2026-08-14,,,
,42105023,M2,Medium,YE002-CA01-720,K630I,khaled9,FIRE FIGHTING K630I AIR COMPRESSOR  1 Mon,,,,khaled9,2026-08-14,,,
