workOrderId,notificationId,createdBy,createdDate,modifiedBy,modifiedDate,isDeleted
21100029,41103029,khaled9,2025-10-15,,,
21100030,41103030,khaled9,2025-10-15,,,
21100045,41103045,xghilanwe,2025-11-19,,,
21100185,41103185,xghilanwe,2026-07-05,,,
21100072,41103072,khaled9,2026-01-12,,,
21100153,41103153,xghilanwe,2026-05-05,,,
21100177,41103177,xghilanwe,2026-06-29,,,
21100212,41103212,khaled9,2026-08-14,,,
22100787,42103787,xghilanwe,2026-02-05,,,
22101987,42104987,khaled9,2026-08-10,,,
22102018,42105018,khaled9,2026-08-13,,,
22102020,42105020,khaled9,2026-08-14,,,
22102023,42105023,khaled9,2026-08-14,,,
