workOrderId,woNumber,type,priority,status,functionalLocationId,equipmentId,description,workCenterId,supervisorUserId,reportedByUserId,plannedStart,plannedFinish,actualStart,actualFinish,costCenterCode,internalOrder,breakdownFlag,safetyCriticalFlag,causeCodeId,failureCodeId,safetyNotes,completionRemarks,calibrationResult,calibrationAsFound,calibrationAsLeft,calibrationReferenceStandard,calibrationDueDate,calibrationIntervalValue,calibrationIntervalUnit,plannedCost,actualCost,createdBy,createdDate,modifiedBy,modifiedDate,isDeleted,sourcePlanId,sourcePlanCycle
,21100029,CM,Medium,Suspended,YE002-PF04-200-TK401,T-401-EPF4,EPF4 T-401 RADER LEVEL TRANSMETER  NOT WORKING PROPERLY,I_INST,,khaled9,2025-10-16,2025-10-20,,,,,,,,,,,,,,,,,,,,khaled9,2025-10-15,,,,,
,21100030,CM,Medium,Suspended,YE002-PF04-200-TK404,T-401-EPF4,EPF4 T-404 RADER LEVEL TRANSMETER  NOT WORKING PROPERLY,I_INST,,khaled9,2025-10-16,2025-10-20,,,,,,,,,,,,,,,,,,,,khaled9,2025-10-15,,,,,
,21100045,CM,Medium,Suspended,YE002-CA01-800,LBK01,KHARWAH LOAD BANK LBK01 SUDDENLY TRIPPED,I_ELEC,,xghilanwe,2025-11-16,2025-11-25,,,,,,,,,,,,,,,,,,,,xghilanwe,2025-11-19,,,,,
,21100185,CM,Medium,Suspended,YE002-PF03-200-P08A,P-08A-EPF3,EPF-3 P-08A PUMP COUPLING DAMAGED,I_MECH,,xghilanwe,2026-07-05,2026-07-15,,,,,,,,,,,,,,,,,,,,xghilanwe,2026-07-05,,,,,
,21100072,CM,Medium,Scheduled,YE002-CA01-480-WMF,DG907E,IWMF DG907E FAILED TO START ON DEMAND,I_MECH,,khaled9,2026-01-11,2026-01-11,,,,,,,,,,,,,,,,,,,,khaled9,2026-01-12,,,,,
,21100153,CM,Medium,Scheduled,YE002-CA01-480,,KHARWAH LAB GAS CHROMATOGRAPH GC590 TROUBLESHOOTING,I_INST,,xghilanwe,2026-05-05,2026-05-19,,,,,,,,,,,,,,,,,,,,xghilanwe,2026-05-05,,,,,
,21100177,CM,Medium,Scheduled,YE002-WS01,K638B,WSY K638B AIR COMPRESSOR FAILED TO START,I_ELEC,,xghilanwe,2026-06-29,2026-07-09,,,,,,,,,,,,,,,,,,,,xghilanwe,2026-06-29,,,,,
,21100212,CM,Medium,Scheduled,YE002-PF01-800,DG908A,EPF-1 DG908A OIL LEAKAGE FROM DIP STICK,I_MECH,,khaled9,2026-08-14,2026-08-24,,,,,,,,,,,,,,,,,,,,khaled9,2026-08-14,,,,,
,22100787,PM,Medium,Scheduled,YE002-PF03,,"EPF-3 FACILITY PIPING, VESSELS AND TANKS UT",I_INSP,,xghilanwe,2026-02-05,2026-02-05,,,,,,,,,,,,,,,,,,,,xghilanwe,2026-02-05,,,,,
,22101987,PM,Medium,Scheduled,YE002-PF04-700,,EPF4 MANUAL CALL POINTS  1 YR,I_INST,,khaled9,2026-08-10,2026-08-20,,,,,,,,,,,,,,,,,,,,khaled9,2026-08-10,,,,,
,22102018,PM,Medium,Scheduled,YE002-CA01-800,GG803A,GG803A 1000 HR PM,I_MECH,,khaled9,2026-08-13,2026-08-23,,,,,,,,,,,,,,,,,,,,khaled9,2026-08-13,,,,,
,22102020,PM,Medium,Scheduled,YE002-OF01-100-WELHAB19,JT-01-UNIT,HB-19 JET PUMP-01 PERFORM GENERAL PRESERVATION,I_MECH,,khaled9,2026-08-14,2026-08-24,,,,,,,,,,,,,,,,,,,,khaled9,2026-08-14,,,,,
,22102023,PM,Medium,Scheduled,YE002-CA01-720,K630I,FIRE FIGHTING K630I AIR COMPRESSOR  1 Mon,I_MECH,,khaled9,2026-08-14,2026-08-24,,,,,,,,,,,,,,,,,,,,khaled9,2026-08-14,,,,,
